neighbourhood_group,neighbourhood
Aigle,Aigle
Aigle,Bex
Aigle,Chessel
Aigle,Corbeyrier
Aigle,Gryon
Aigle,Lavey-Morcles
Aigle,Leysin
Aigle,Noville
Aigle,Ollon
Aigle,Ormont-Dessous
Aigle,Ormont-Dessus
Aigle,Rennaz
Aigle,Roche (Vaud)
Aigle,Villeneuve (Vaud)
Aigle,Yvorne
Broye-Vully,Avenches
Broye-Vully,Bussy-sur-Moudon
Broye-Vully,Champtauroz
Broye-Vully,Chavannes-sur-Moudon
Broye-Vully,Chevroux
Broye-Vully,Corcelles-le-Jorat
Broye-Vully,Corcelles-près-Payerne
Broye-Vully,Cudrefin
Broye-Vully,Curtilles
Broye-Vully,Dompierre (Vaud)
Broye-Vully,Faoug
Broye-Vully,Grandcour
Broye-Vully,Henniez
Broye-Vully,Hermenches
Broye-Vully,Lovatens
Broye-Vully,Lucens
Broye-Vully,Missy
Broye-Vully,Moudon
Broye-Vully,Payerne
Broye-Vully,Prévonloup
Broye-Vully,Ropraz
Broye-Vully,Rossenges
Broye-Vully,Syens
Broye-Vully,Trey
Broye-Vully,Treytorrens (Payerne)
Broye-Vully,Valbroye
Broye-Vully,Villars-le-Comte
Broye-Vully,Villarzel
Broye-Vully,Vucherens
Broye-Vully,Vulliens
Broye-Vully,Vully-les-Lacs
Gros-de-Vaud,Assens
Gros-de-Vaud,Bercher
Gros-de-Vaud,Bettens
Gros-de-Vaud,Bioley-Orjulaz
Gros-de-Vaud,Bottens
Gros-de-Vaud,Boulens
Gros-de-Vaud,Bournens
Gros-de-Vaud,Boussens
Gros-de-Vaud,Bretigny-sur-Morrens
Gros-de-Vaud,Cugy (Vaud)
Gros-de-Vaud,Daillens
Gros-de-Vaud,Echallens
Gros-de-Vaud,Essertines-sur-Yverdon
Gros-de-Vaud,Etagnières
Gros-de-Vaud,Fey
Gros-de-Vaud,Froideville
Gros-de-Vaud,Goumoëns
Gros-de-Vaud,Jorat-Menthue
Gros-de-Vaud,Lussery-Villars
Gros-de-Vaud,Mex (Vaud)
Gros-de-Vaud,Montanaire
Gros-de-Vaud,Montilliez
Gros-de-Vaud,Morrens (Vaud)
Gros-de-Vaud,Ogens
Gros-de-Vaud,Oppens
Gros-de-Vaud,Oulens-sous-Echallens
Gros-de-Vaud,Pailly
Gros-de-Vaud,Penthalaz
Gros-de-Vaud,Penthaz
Gros-de-Vaud,Penthéréaz
Gros-de-Vaud,Poliez-Pittet
Gros-de-Vaud,Rueyres
Gros-de-Vaud,Saint-Barthélemy (Vaud)
Gros-de-Vaud,Sullens
Gros-de-Vaud,Villars-le-Terroir
Gros-de-Vaud,Vuarrens
Gros-de-Vaud,Vufflens-la-Ville
Jura-Nord vaudois,Agiez
Jura-Nord vaudois,Arnex-sur-Orbe
Jura-Nord vaudois,Ballaigues
Jura-Nord vaudois,Baulmes
Jura-Nord vaudois,Bavois
Jura-Nord vaudois,Belmont-sur-Yverdon
Jura-Nord vaudois,Bioley-Magnoux
Jura-Nord vaudois,Bofflens
Jura-Nord vaudois,Bonvillars
Jura-Nord vaudois,Bretonnières
Jura-Nord vaudois,Bullet
Jura-Nord vaudois,Chamblon
Jura-Nord vaudois,Champagne
Jura-Nord vaudois,Champvent
Jura-Nord vaudois,Chavannes-le-Chêne
Jura-Nord vaudois,Chavornay
Jura-Nord vaudois,Chêne-Pâquier
Jura-Nord vaudois,Cheseaux-Noréaz
Jura-Nord vaudois,Concise
Jura-Nord vaudois,Corcelles-près-Concise
Jura-Nord vaudois,Cronay
Jura-Nord vaudois,Croy
Jura-Nord vaudois,Cuarny
Jura-Nord vaudois,Démoret
Jura-Nord vaudois,Donneloye
Jura-Nord vaudois,Ependes (Vaud)
Jura-Nord vaudois,Fiez
Jura-Nord vaudois,Fontaines-sur-Grandson
Jura-Nord vaudois,Giez
Jura-Nord vaudois,Grandevent
Jura-Nord vaudois,Grandson
Jura-Nord vaudois,Juriens
Jura-Nord vaudois,L'Abbaye
Jura-Nord vaudois,L'Abergement
Jura-Nord vaudois,La Praz
Jura-Nord vaudois,Le Chenit
Jura-Nord vaudois,Le Lieu
Jura-Nord vaudois,Les Clées
Jura-Nord vaudois,Lignerolle
Jura-Nord vaudois,Mathod
Jura-Nord vaudois,Mauborget
Jura-Nord vaudois,Molondin
Jura-Nord vaudois,Montagny-près-Yverdon
Jura-Nord vaudois,Montcherand
Jura-Nord vaudois,Mutrux
Jura-Nord vaudois,Novalles
Jura-Nord vaudois,Onnens (Vaud)
Jura-Nord vaudois,Orbe
Jura-Nord vaudois,Orges
Jura-Nord vaudois,Orzens
Jura-Nord vaudois,Pomy
Jura-Nord vaudois,Premier
Jura-Nord vaudois,Provence
Jura-Nord vaudois,Rances
Jura-Nord vaudois,Romainmôtier-Envy
Jura-Nord vaudois,Rovray
Jura-Nord vaudois,Sainte-Croix
Jura-Nord vaudois,Sergey
Jura-Nord vaudois,Suchy
Jura-Nord vaudois,Suscévaz
Jura-Nord vaudois,Tévenon
Jura-Nord vaudois,Treycovagnes
Jura-Nord vaudois,Ursins
Jura-Nord vaudois,Valeyres-sous-Montagny
Jura-Nord vaudois,Valeyres-sous-Rances
Jura-Nord vaudois,Valeyres-sous-Ursins
Jura-Nord vaudois,Vallorbe
Jura-Nord vaudois,Vaulion
Jura-Nord vaudois,Villars-Epeney
Jura-Nord vaudois,Vugelles-La Mothe
Jura-Nord vaudois,Vuiteboeuf
Jura-Nord vaudois,Yverdon-les-Bains
Jura-Nord vaudois,Yvonand
Lausanne,Cheseaux-sur-Lausanne
Lausanne,Epalinges
Lausanne,Jouxtens-Mézery
Lausanne,Lausanne
Lausanne,Le Mont-sur-Lausanne
Lausanne,Romanel-sur-Lausanne
Lavaux-Oron,Belmont-sur-Lausanne
Lavaux-Oron,Bourg-en-Lavaux
Lavaux-Oron,Chexbres
Lavaux-Oron,Essertes
Lavaux-Oron,Forel (Lavaux)
Lavaux-Oron,Jorat-Mézières
Lavaux-Oron,Lutry
Lavaux-Oron,Maracon
Lavaux-Oron,Montpreveyres
Lavaux-Oron,Oron
Lavaux-Oron,Paudex
Lavaux-Oron,Puidoux
Lavaux-Oron,Pully
Lavaux-Oron,Rivaz
Lavaux-Oron,Saint-Saphorin (Lavaux)
Lavaux-Oron,Savigny
Lavaux-Oron,Servion
Morges,Aclens
Morges,Allaman
Morges,Apples
Morges,Aubonne
Morges,Ballens
Morges,Berolle
Morges,Bière
Morges,Bougy-Villars
Morges,Bremblens
Morges,Buchillon
Morges,Bussy-Chardonney
Morges,Chavannes-le-Veyron
Morges,Chevilly
Morges,Chigny
Morges,Clarmont
Morges,Cossonay
Morges,Cottens (Vaud)
Morges,Cuarnens
Morges,Denens
Morges,Denges
Morges,Dizy
Morges,Echandens
Morges,Echichens
Morges,Eclépens
Morges,Etoy
Morges,Féchy
Morges,Ferreyres
Morges,Gimel
Morges,Gollion
Morges,Grancy
Morges,La Chaux (Cossonay)
Morges,La Sarraz
Morges,Lavigny
Morges,L'Isle
Morges,Lonay
Morges,Lully (Vaud)
Morges,Lussy-sur-Morges
Morges,Mauraz
Morges,Moiry
Morges,Mollens (Vaud)
Morges,Montherod
Morges,Mont-la-Ville
Morges,Montricher
Morges,Morges
Morges,Orny
Morges,Pampigny
Morges,Pompaples
Morges,Préverenges
Morges,Reverolle
Morges,Romanel-sur-Morges
Morges,Saint-Livres
Morges,Saint-Oyens
Morges,Saint-Prex
Morges,Saubraz
Morges,Senarclens
Morges,Sévery
Morges,Tolochenaz
Morges,Vaux-sur-Morges
Morges,Villars-sous-Yens
Morges,Vufflens-le-Château
Morges,Vullierens
Morges,Yens
Nyon,Arnex-sur-Nyon
Nyon,Arzier-Le Muids
Nyon,Bassins
Nyon,Begnins
Nyon,Bogis-Bossey
Nyon,Borex
Nyon,Bursinel
Nyon,Bursins
Nyon,Burtigny
Nyon,Chavannes-de-Bogis
Nyon,Chavannes-des-Bois
Nyon,Chéserex
Nyon,Coinsins
Nyon,Commugny
Nyon,Coppet
Nyon,Crans-près-Céligny
Nyon,Crassier
Nyon,Duillier
Nyon,Dully
Nyon,Essertines-sur-Rolle
Nyon,Eysins
Nyon,Founex
Nyon,Genolier
Nyon,Gilly
Nyon,Gingins
Nyon,Givrins
Nyon,Gland
Nyon,Grens
Nyon,La Rippe
Nyon,Le Vaud
Nyon,Longirod
Nyon,Luins
Nyon,Marchissy
Nyon,Mies
Nyon,Mont-sur-Rolle
Nyon,Nyon
Nyon,Perroy
Nyon,Prangins
Nyon,Rolle
Nyon,Saint-Cergue
Nyon,Saint-George
Nyon,Signy-Avenex
Nyon,Tannay
Nyon,Tartegnin
Nyon,Trélex
Nyon,Vich
Nyon,Vinzel
Ouest lausannois,Bussigny
Ouest lausannois,Chavannes-près-Renens
Ouest lausannois,Crissier
Ouest lausannois,Ecublens (Vaud)
Ouest lausannois,Prilly
Ouest lausannois,Renens (Vaud)
Ouest lausannois,Saint-Sulpice (Vaud)
Ouest lausannois,Villars-Sainte-Croix
Riviera-Pays-d'Enhaut,Blonay
Riviera-Pays-d'Enhaut,Chardonne
Riviera-Pays-d'Enhaut,Château-d'Oex
Riviera-Pays-d'Enhaut,Corseaux
Riviera-Pays-d'Enhaut,Corsier-sur-Vevey
Riviera-Pays-d'Enhaut,Jongny
Riviera-Pays-d'Enhaut,La Tour-de-Peilz
Riviera-Pays-d'Enhaut,Montreux
Riviera-Pays-d'Enhaut,Rossinière
Riviera-Pays-d'Enhaut,Rougemont
Riviera-Pays-d'Enhaut,Saint-Légier-La Chiésaz
Riviera-Pays-d'Enhaut,Vevey
Riviera-Pays-d'Enhaut,Veytaux
